tweetcreated,username,text
2022-06-28 15:29:24+00:00,trisnowidibagus,"Pemimpin Dunia Meniru cara Berpakaian Jokowi,yg Khas dgn Kemeja Putih Polos, Mereka Menyebut Jokowi Style..... Jadi pingin Gaungkan kembali
#JokowiTigaPeriode Makin Love sama Pak Jokowi üëçüëçüëç"
2022-06-28 15:28:34+00:00,trisnowidibagus,"@satriohendri Pemimpin Dunia Meniru cara Berpakaian Jokowi,yg Khas dgn Kemeja Putih Polos, Mereka Menyebut Jokowi Style..... Jadi pingin Gaungkan kembali
#JokowiTigaPeriode https://t.co/F9keFfwS7a"
2022-06-28 14:57:22+00:00,trisnowidibagus,"@msaid_didu Pemimpin G7 Dunia meniru berbaju Sederhana kaos putih dan baju Polos Putih, Mereka Menyebut Jokowi Style
Colek Pak @jokowi aahhh, makin Love sama Pak Jokowi dan Ingin menggaungkan kembali 
#JokowiTigaPeriode 
Gimana Pak Didu,,setuju nggak...? https://t.co/Lw55quNcKH"
2022-06-28 14:54:20+00:00,trisnowidibagus,"@03__nakula Saya kok jadi berkobar untuk menyuarakan
#JokowiTigaPeriode https://t.co/qgPthid4Jh"
2022-06-26 11:30:02+00:00,Genpi_Co,"Deklarator Koalisi Bersama Rakyat (Kobar) Sahat Martin Philip Sinurat mengatakan, gerakan Presiden Jokowi Tiga Periode layak diperjuangkan. #JokowiTigaPeriode https://t.co/GPbWod3eDP"
2022-06-26 10:50:24+00:00,fajaronline,"Deklarator Kobar Sahat Martin Philip Sinurat Sebut Jokowi Tiga Periode Terus Disuarakan, Ini Alasannya https://t.co/uHSrsM9pfO #DeklaratorKobar #headline #Jokowi #JokowiTigaPeriode"
2022-06-14 10:26:05+00:00,waraaninditari,@bernadetss kami bosaaaan dengan dramaaa ini. #JokowiTigaPeriode wkwkwkwkwkwk
2022-05-29 13:04:02+00:00,jpnncom,Pengamat politik Dedi Kurnia Syah menanggapi tafsiran Direktur Eksekutif Indo Barometer M Qodari soal pernyataan Jokowi dengan jabatan presiden tiga periode. #Jokowitigaperiode https://t.co/O0K8bZlDQn
2022-05-29 05:28:57+00:00,jpnncom,"#BeritaBali 
Jokowi Tiga Periode Kembali Menggema, Tafsir M Qodari Jelas Sekali
#jokowitigaperiode
#tafsirmqodari 
https://t.co/zmK4mw2c0J"
2022-04-30 00:48:57+00:00,assaultheaven,@sa3idwhat Saya dukung rezim #jokowitigaperiode ü´°
2022-04-24 09:29:43+00:00,fajaronline,"Survei Populi Center, Mayoritas atau 74,3 Persen Rakyat Indonesia Menolak Pemilu 2024 Ditunda, Juga Tak Setuju Jokowi Tiga Periode https://t.co/xiCUa9LTfP #headline #Jokowi #JokowiTigaPeriode #Mayoritas"
2022-04-17 14:07:28+00:00,knmaneges,"Agenda Jokowi tiga periode : presiden dalam masalah ?
üëá
https://t.co/gzILgH4dC0

#Jokowi
#JokowiTigaPeriode
#DemoMahasiswa

#KNmaneges
#KnmComunity
#SaudaraJiwa
#PemersatuBangsa
#NkriHargaMati
üëã https://t.co/fghAmL6tCl"
2022-04-08 10:42:31+00:00,fajaronline,"Wacana Jokowi Tiga Periode, Virdika Rizky Utama: Jangan Cepat Puas Pernyataan Presiden https://t.co/PejhhKy5Gl #IrdikaRizkyUtama #Jokowi #JokowiTigaPeriode #PresidenJokowi"
2022-04-07 20:35:03+00:00,jpnncom,"Wacana presiden tiga periode sudah tak terkendali. Ibarat bara api dipadamkan dengan air, percikannya sudah kemana-mana.  #jokowitigaperiode https://t.co/KpoGXM5X7a"
2022-04-07 14:46:11+00:00,fajaronline,"Apdesi Sempat Berkoar akan Deklarasi Jokowi Tiga Periode Usai Lebaran, Surtawijaya: Aduh, Kami Sudah Capek Bahas Ini https://t.co/B03Un38IeL #Apdesi #DeklarasiJokowi #JokowiTigaPeriode #lebaran"
2022-04-07 14:45:03+00:00,jpnncom,Psikologi Presiden Jokowi terpengaruh oleh tekanan publik yang menolak isu penundaan pemilu dan perpanjangan masa jabatan menjadi 3 periode #JokowiTigaPeriode https://t.co/S2fdWt988Y
2022-04-07 12:54:28+00:00,fajaronline,"Demo Tolak Jokowi Tiga Periode, Ruslan Buton Siap Gabung Gerakan Mahasiswa https://t.co/NvWjBd7y3p #DemoTolak #DemoTolakJokowi #headline #JokowiTigaPeriode"
2022-04-07 10:52:59+00:00,andyal81,@VIVAcoid Apa Persamaan Gembong sama Cebong? Yg bener dapat kaos JokowiTigaPeriode ü§£ü§£
2022-04-07 10:45:03+00:00,fajaronline,Rocky Gerung Anggap Larangan Jokowi kepada Menteri untuk Bicara Presiden Tiga Periode sebagai Akal-akalan https://t.co/PQ838Fz2Wd #JokowiTigaPeriode #menteri #Pemilu2024 #PenundaanPemilu2024
2022-04-07 09:24:52+00:00,fajaronline,"Demo Tolak Jokowi Tiga Periode Sempat Ricuh, Andito Galih: Mahasiswa akan Datang dengan Eskalasi Massa yang Lebih Besar https://t.co/S8K2Oppc0F #AnditoGalih #demo #JokowiTigaPeriode #mahasiswa"
2022-04-07 09:09:10+00:00,HeraldSulsel,Ratusan Mahasiswa Makassar Unjuk Rasa Tolak Kenaikan PPN dan Jokowi 3 Periode #jokowitigaperiode #KenaikanPPN https://t.co/XrvfS13S3v
2022-04-07 09:09:09+00:00,heraldindo,Ratusan Mahasiswa Makassar Unjuk Rasa Tolak Kenaikan PPN dan Jokowi 3 Periode #jokowitigaperiode #KenaikanPPN https://t.co/nBo7pTxBrS
2022-04-07 07:16:23+00:00,jpnncom,"Politikus Gerindra Ngotot Ingin Jokowi Tiga Periode
@jokowi @bumnbersatu
#MasaJabatanPresiden #JokowiTigaPeriode 

https://t.co/1qQ6m23jWP https://t.co/g91EtJczDg"
2022-04-06 16:04:06+00:00,HeraldSulsel,"Ada Menteri Kabinet Indonesia Maju Suka Buat Gaduh, LaNyalla Bilang Begini #DPDRI #jokowitigaperiode https://t.co/el6Q3Pzons"
2022-04-06 16:04:05+00:00,heraldindo,"Ada Menteri Kabinet Indonesia Maju Suka Buat Gaduh, LaNyalla Bilang Begini #DPDRI #jokowitigaperiode https://t.co/9foaXYxQ8S"
2022-04-06 09:18:06+00:00,fajaronline,"Tito Karnavian soal Isu Jokowi Tiga Periode, Rizal Ramli: Mas Tito Itu Jenderal Polisi Cerdas, Kok Kebablasan Ya, Eling, Eling https://t.co/4qJB4xScnl #JenderalPolisi #JenderalPolisiCerdas #Jokowi #JokowiTigaPeriode"
2022-04-06 08:56:54+00:00,heraldindo,Moeldoko Sebut Perpanjangan Masa Jabatan Presiden Bahan 'Gorengan' Tak Berkualitas #JokowiTigaPeriode #kepalaksp https://t.co/0bOXOtDkbh
2022-04-05 09:58:07+00:00,heraldindo,"Kades yang Dukung Jokowi 3 Periode Langgar UU, DPR Minta Mendagri Tegur dan Beri Sanksi #Apdesi #JokowiTigaPeriode https://t.co/2mbYh8yGhp"
2022-04-04 14:26:54+00:00,fajaronline,"Kasak-kusuk Orang Lingkaran Istana Ingin Jokowi Tiga Periode, Didik Mukrianto: Sungguh Absurd serta Menabrak Logika dan Akal Sehat https://t.co/zVlbQjWunC #Absurd #DidikMukrianto #headline #JokowiTigaPeriode"
2022-04-04 08:01:02+00:00,jpnncom,Anggota Komisi II DPR¬† Mardani Ali Sera menyinggung dugaan alokasi anggaran negara untuk memelihara isu Jokowi tiga periode.¬† #Jokowitigaperiode https://t.co/Veeq0LS1l6
2022-04-03 11:24:32+00:00,fajaronline,"Sebut Kata Sontoloyo, Amien Rais Khawatir Jika Tidak Ada yang Menghalangi Wacana Jokowi Tiga Periode https://t.co/vkbwXLLKQs #AmienRais #headline #Jokowi #JokowiTigaPeriode"
2022-04-02 11:06:34+00:00,HeraldSulsel,"Wacana Jokowi Tiga Priode Dinilai Langgar Konstitusi, Pengamat Politik Unhas: Kekuasan itu Candu #jokowitigaperiode https://t.co/XvXAbYsxxu"
2022-04-02 11:06:34+00:00,heraldindo,"Wacana Jokowi Tiga Priode Dinilai Langgar Konstitusi, Pengamat Politik Unhas: Kekuasan itu Candu #jokowitigaperiode https://t.co/zR58AJmRfh"
2022-04-01 13:56:39+00:00,fajaronline,"Luhut Panjaitan Jabat Ketua Dewan Pembina Apdesi, Pangamat: Wajar Masyarakat Nilai Deklarasi Jokowi Tiga Periode Terkesan Diarahkan https://t.co/alUG2fE565 #Apdesi #Jokowi #JokowiTigaPeriode #LuhutPanjaitan"
2022-04-01 06:16:24+00:00,heraldindo,"Tolak Usulan Jokowi 3 Periode, Kades di Selayar Melawan Keputusan APDESI #APDESI #jokowitigaperiode #Kades #Selayar https://t.co/pmYqvG73RY"
2022-03-31 09:34:33+00:00,fajaronline,"Apdesi Ingin Deklarasi Jokowi Tiga Periode, Junimart Girsang: Mencederai Nilai Konstitusi https://t.co/q2ntWFK1jr #Apdesi #Jokowi #JokowiTigaPeriode #JunimartGirsang"
2022-03-31 05:25:02+00:00,jpnncom,Presiden Joko Widodo disarankan jadi kepala desa saja kalau mau tiga periode. #jokowitigaperiode https://t.co/2kASwo2iRi
2022-03-30 14:08:16+00:00,fajaronline,Demokrat Sebut Deklarasi Mendukung Jokowi Tiga Periode sebagai Konsolidasi Paling Jahat https://t.co/8otWf2tHiV #demokrat #HerzakyMahendraPutra #Jokowi #JokowiTigaPeriode
2022-03-30 13:22:02+00:00,jpnncom,"Langkah para kader yang tergabung dalam Apdesi untuk mendukung Jokowi tiga 3 periode membuat pentolan SOKSI bereaksi, menohok. #Jokowitigaperiode https://t.co/W8hJdWH7nj"
2022-03-30 11:28:04+00:00,fajaronline,"Kades se-Indonesia Deklarasi Jokowi Tiga Periode, Pangi Syarwi Chinago: Kasihan, Mereka Korban Syahwat Politik Jahat https://t.co/KEcjHAXDNB #JokowiTigaPeriode #KadesSe-Indonesia #KorbanSyahwatPolitik #PangiSyarwiChinago"
2022-03-26 15:41:03+00:00,jpnncom,Kelompok Tani Arih Ersada Aron Bolon di Deli Serdang berharap Jokowi kembali maju menjadi calon presiden tiga periode. #Jokowitigaperiode https://t.co/GJj8HzZgbc
2022-03-24 10:21:03+00:00,jpnncom,Masyarakat Toba yang mengatasnamakan KOBAR memberikan dukungan kepada Presiden Jokowi untuk kembali maju menjadi capres di tahun 2024. #Jokowitigaperiode https://t.co/9qhgF8uQ3N
2022-03-16 11:43:03+00:00,jpnncom,Deklarasi KOBAR Provinsi Sulut mengampanyekan Jokowi tiga periode pada tahun 2024. #Jokowitigaperiode https://t.co/TcE74Klm5O
2022-03-12 17:59:53+00:00,Eeerrrsssyyy,@UkonUkon_ Curiga data dia gegara tagar jokowitigaperiode ga sii :)
2022-03-12 07:12:12+00:00,fajaronline,Luhut: Jabatan Jokowi Ditambah Tiga Tahun Mungkin Sekali Indonesia Jadi Lebih Baik https://t.co/HVJk4yzrTY #headline #Jokowi #JokowiTigaPeriode #Luhut
2022-03-08 07:02:16+00:00,fajaronline,"Ogah Dukung Jokowi Tiga Periode, Ernest Prakasa Babak Belur Diserang Buzzer https://t.co/mTkZjFAsOF #Ernest #ErnestPrakasa #JokowiTigaPeriode"
2022-03-08 00:17:23+00:00,fajaronline,"Wacana Jokowi Tiga Periode, Relawan Mileanies: Ini Bukti Ketidakyakinan Ganjar Bisa Menang https://t.co/LzOdET9iOV #AniesBaswedan #GanjarPranowo #JokowiTigaPeriode #mileanies"
2022-03-07 11:30:00+00:00,_infoindonesia,"Bukan Penundaan, @jokowi Minta Pemilu 2024 Tak Boros Anggaran Negara

https://t.co/hQGsmqpc8E

#pemiluditunda #jokowitigaperiode #infoindonesia"
2022-03-06 08:20:38+00:00,irwancihuy,Mantab! #JokowiTigaPeriode
